INSERT INTO WorkType (WorkTypeId, WorkTypeName) VALUES (1, 'Consulting');
INSERT INTO WorkType (WorkTypeId, WorkTypeName) VALUES (2, 'Development');
INSERT INTO WorkType (WorkTypeId, WorkTypeName) VALUES (3, 'Support');
INSERT INTO WorkType (WorkTypeId, WorkTypeName) VALUES (4, 'Maintenance');
INSERT INTO WorkType (WorkTypeId, WorkTypeName) VALUES (5, 'Testing');
INSERT INTO WorkType (WorkTypeId, WorkTypeName) VALUES (6, 'Training');
INSERT INTO WorkType (WorkTypeId, WorkTypeName) VALUES (7, 'Project Management');
INSERT INTO WorkType (WorkTypeId, WorkTypeName) VALUES (8, 'Research');
INSERT INTO WorkType (WorkTypeId, WorkTypeName) VALUES (9, 'Analysis');
INSERT INTO WorkType (WorkTypeId, WorkTypeName) VALUES (10, 'Quality Assurance');
INSERT INTO WorkType (WorkTypeId, WorkTypeName) VALUES (11, 'Networking');
INSERT INTO WorkType (WorkTypeId, WorkTypeName) VALUES (12, 'Database Management');
INSERT INTO WorkType (WorkTypeId, WorkTypeName) VALUES (13, 'Architecture');
INSERT INTO WorkType (WorkTypeId, WorkTypeName) VALUES (14, 'Cloud Services');
INSERT INTO WorkType (WorkTypeId, WorkTypeName) VALUES (15, 'Cybersecurity');
INSERT INTO WorkType (WorkTypeId, WorkTypeName) VALUES (16, 'Hardware Support');
INSERT INTO WorkType (WorkTypeId, WorkTypeName) VALUES (17, 'Business Analysis');
INSERT INTO WorkType (WorkTypeId, WorkTypeName) VALUES (18, 'Product Design');
INSERT INTO WorkType (WorkTypeId, WorkTypeName) VALUES (19, 'Marketing');
INSERT INTO WorkType (WorkTypeId, WorkTypeName) VALUES (20, 'Legal Services');
INSERT INTO WorkType (WorkTypeId, WorkTypeName) VALUES (21, 'Customer Service');
INSERT INTO WorkType (WorkTypeId, WorkTypeName) VALUES (22, 'Application Development');
INSERT INTO WorkType (WorkTypeId, WorkTypeName) VALUES (23, 'Web Development');
INSERT INTO WorkType (WorkTypeId, WorkTypeName) VALUES (24, 'Mobile Development');
INSERT INTO WorkType (WorkTypeId, WorkTypeName) VALUES (25, 'Embedded Systems');
INSERT INTO WorkType (WorkTypeId, WorkTypeName) VALUES (26, 'Game Development');
INSERT INTO WorkType (WorkTypeId, WorkTypeName) VALUES (27, 'AI Development');
INSERT INTO WorkType (WorkTypeId, WorkTypeName) VALUES (28, 'Machine Learning');
INSERT INTO WorkType (WorkTypeId, WorkTypeName) VALUES (29, 'Data Science');
INSERT INTO WorkType (WorkTypeId, WorkTypeName) VALUES (30, 'Data Engineering');

INSERT INTO PaymentType (PaymentTypeID, PaymentType) VALUES (1, 'Credit Card');
INSERT INTO PaymentType (PaymentTypeID, PaymentType) VALUES (2, 'Bank Transfer');
INSERT INTO PaymentType (PaymentTypeID, PaymentType) VALUES (3, 'Check');
INSERT INTO PaymentType (PaymentTypeID, PaymentType) VALUES (4, 'Cash');
INSERT INTO PaymentType (PaymentTypeID, PaymentType) VALUES (5, 'Direct Deposit');
INSERT INTO PaymentType (PaymentTypeID, PaymentType) VALUES (6, 'Mobile Payment');
INSERT INTO PaymentType (PaymentTypeID, PaymentType) VALUES (7, 'PayPal');
INSERT INTO PaymentType (PaymentTypeID, PaymentType) VALUES (8, 'Venmo');
INSERT INTO PaymentType (PaymentTypeID, PaymentType) VALUES (9, 'Apple Pay');
INSERT INTO PaymentType (PaymentTypeID, PaymentType) VALUES (10, 'Google Pay');
INSERT INTO PaymentType (PaymentTypeID, PaymentType) VALUES (11, 'Cryptocurrency');
INSERT INTO PaymentType (PaymentTypeID, PaymentType) VALUES (12, 'Gift Card');
INSERT INTO PaymentType (PaymentTypeID, PaymentType) VALUES (13, 'Prepaid Card');
INSERT INTO PaymentType (PaymentTypeID, PaymentType) VALUES (14, 'Wire Transfer');
INSERT INTO PaymentType (PaymentTypeID, PaymentType) VALUES (15, 'ACH Transfer');
INSERT INTO PaymentType (PaymentTypeID, PaymentType) VALUES (16, 'Electronic Check');
INSERT INTO PaymentType (PaymentTypeID, PaymentType) VALUES (17, 'Money Order');
INSERT INTO PaymentType (PaymentTypeID, PaymentType) VALUES (18, 'Zelle');
INSERT INTO PaymentType (PaymentTypeID, PaymentType) VALUES (19, 'Square');
INSERT INTO PaymentType (PaymentTypeID, PaymentType) VALUES (20, 'Stripe');
INSERT INTO PaymentType (PaymentTypeID, PaymentType) VALUES (21, 'Amazon Pay');
INSERT INTO PaymentType (PaymentTypeID, PaymentType) VALUES (22, 'Alipay');
INSERT INTO PaymentType (PaymentTypeID, PaymentType) VALUES (23, 'WeChat Pay');
INSERT INTO PaymentType (PaymentTypeID, PaymentType) VALUES (24, 'Samsung Pay');
INSERT INTO PaymentType (PaymentTypeID, PaymentType) VALUES (25, 'PhonePe');
INSERT INTO PaymentType (PaymentTypeID, PaymentType) VALUES (26, 'Paytm');
INSERT INTO PaymentType (PaymentTypeID, PaymentType) VALUES (27, 'Bharat QR');
INSERT INTO PaymentType (PaymentTypeID, PaymentType) VALUES (28, 'UPI');
INSERT INTO PaymentType (PaymentTypeID, PaymentType) VALUES (29, 'Cash on Delivery');
INSERT INTO PaymentType (PaymentTypeID, PaymentType) VALUES (30, 'E-Wallet');

INSERT INTO Role (RoleId, PersonId_FK, RoleTypeId_FK) VALUES (1, 101, 201);
INSERT INTO Role (RoleId, PersonId_FK, RoleTypeId_FK) VALUES (2, 102, 202);
INSERT INTO Role (RoleId, PersonId_FK, RoleTypeId_FK) VALUES (3, 103, 203);
INSERT INTO Role (RoleId, PersonId_FK, RoleTypeId_FK) VALUES (4, 104, 204);
INSERT INTO Role (RoleId, PersonId_FK, RoleTypeId_FK) VALUES (5, 105, 205);
INSERT INTO Role (RoleId, PersonId_FK, RoleTypeId_FK) VALUES (6, 106, 206);
INSERT INTO Role (RoleId, PersonId_FK, RoleTypeId_FK) VALUES (7, 107, 207);
INSERT INTO Role (RoleId, PersonId_FK, RoleTypeId_FK) VALUES (8, 108, 208);
INSERT INTO Role (RoleId, PersonId_FK, RoleTypeId_FK) VALUES (9, 109, 209);
INSERT INTO Role (RoleId, PersonId_FK, RoleTypeId_FK) VALUES (10, 110, 210);
INSERT INTO Role (RoleId, PersonId_FK, RoleTypeId_FK) VALUES (11, 111, 211);
INSERT INTO Role (RoleId, PersonId_FK, RoleTypeId_FK) VALUES (12, 112, 212);
INSERT INTO Role (RoleId, PersonId_FK, RoleTypeId_FK) VALUES (13, 113, 213);
INSERT INTO Role (RoleId, PersonId_FK, RoleTypeId_FK) VALUES (14, 114, 214);
INSERT INTO Role (RoleId, PersonId_FK, RoleTypeId_FK) VALUES (15, 115, 215);
INSERT INTO Role (RoleId, PersonId_FK, RoleTypeId_FK) VALUES (16, 116, 216);
INSERT INTO Role (RoleId, PersonId_FK, RoleTypeId_FK) VALUES (17, 117, 217);
INSERT INTO Role (RoleId, PersonId_FK, RoleTypeId_FK) VALUES (18, 118, 218);
INSERT INTO Role (RoleId, PersonId_FK, RoleTypeId_FK) VALUES (19, 119, 219);
INSERT INTO Role (RoleId, PersonId_FK, RoleTypeId_FK) VALUES (20, 120, 220);
INSERT INTO Role (RoleId, PersonId_FK, RoleTypeId_FK) VALUES (21, 121, 221);
INSERT INTO Role (RoleId, PersonId_FK, RoleTypeId_FK) VALUES (22, 122, 222);
INSERT INTO Role (RoleId, PersonId_FK, RoleTypeId_FK) VALUES (23, 123, 223);
INSERT INTO Role (RoleId, PersonId_FK, RoleTypeId_FK) VALUES (24, 124, 224);
INSERT INTO Role (RoleId, PersonId_FK, RoleTypeId_FK) VALUES (25, 125, 225);
INSERT INTO Role (RoleId, PersonId_FK, RoleTypeId_FK) VALUES (26, 126, 226);
INSERT INTO Role (RoleId, PersonId_FK, RoleTypeId_FK) VALUES (27, 127, 227);
INSERT INTO Role (RoleId, PersonId_FK, RoleTypeId_FK) VALUES (28, 128, 228);
INSERT INTO Role (RoleId, PersonId_FK, RoleTypeId_FK) VALUES (29, 129, 229);
INSERT INTO Role (RoleId, PersonId_FK, RoleTypeId_FK) VALUES (30, 130, 230);

INSERT INTO Client (ClientId, CompanyId_FK, RoleId_FK, LegalName, FriendlyName) VALUES (1, 101, 201, 'Acme Corporation', 'Acme');
INSERT INTO Client (ClientId, CompanyId_FK, RoleId_FK, LegalName, FriendlyName) VALUES (2, 102, 202, 'Tech Innovators Ltd.', 'TechInnovators');
INSERT INTO Client (ClientId, CompanyId_FK, RoleId_FK, LegalName, FriendlyName) VALUES (3, 103, 203, 'Green Energy Solutions', 'GreenEnergy');
INSERT INTO Client (ClientId, CompanyId_FK, RoleId_FK, LegalName, FriendlyName) VALUES (4, 104, 204, 'FastTrack Logistics', 'FastTrack');
INSERT INTO Client (ClientId, CompanyId_FK, RoleId_FK, LegalName, FriendlyName) VALUES (5, 105, 205, 'HealthCare Plus Inc.', 'HealthCarePlus');
INSERT INTO Client (ClientId, CompanyId_FK, RoleId_FK, LegalName, FriendlyName) VALUES (6, 106, 206, 'BlueWave Technologies', 'BlueWave');
INSERT INTO Client (ClientId, CompanyId_FK, RoleId_FK, LegalName, FriendlyName) VALUES (7, 107, 207, 'Urban Developers Group', 'UrbanDevs');
INSERT INTO Client (ClientId, CompanyId_FK, RoleId_FK, LegalName, FriendlyName) VALUES (8, 108, 208, 'NextGen Retailers', 'NextGen');
INSERT INTO Client (ClientId, CompanyId_FK, RoleId_FK, LegalName, FriendlyName) VALUES (9, 109, 209, 'Prime Investments LLC', 'PrimeInvest');
INSERT INTO Client (ClientId, CompanyId_FK, RoleId_FK, LegalName, FriendlyName) VALUES (10, 110, 210, 'Bright Future Educators', 'BrightFuture');
INSERT INTO Client (ClientId, CompanyId_FK, RoleId_FK, LegalName, FriendlyName) VALUES (11, 111, 211, 'Skyline Architects', 'Skyline');
INSERT INTO Client (ClientId, CompanyId_FK, RoleId_FK, LegalName, FriendlyName) VALUES (12, 112, 212, 'Omega Manufacturing Co.', 'OmegaMfg');
INSERT INTO Client (ClientId, CompanyId_FK, RoleId_FK, LegalName, FriendlyName) VALUES (13, 113, 213, 'SilverStream Finance', 'SilverStream');
INSERT INTO Client (ClientId, CompanyId_FK, RoleId_FK, LegalName, FriendlyName) VALUES (14, 114, 214, 'EcoFarm Ventures', 'EcoFarm');
INSERT INTO Client (ClientId, CompanyId_FK, RoleId_FK, LegalName, FriendlyName) VALUES (15, 115, 215, 'Elite Consulting Group', 'EliteConsulting');
INSERT INTO Client (ClientId, CompanyId_FK, RoleId_FK, LegalName, FriendlyName) VALUES (16, 116, 216, 'Aurora Software Solutions', 'AuroraSoftware');
INSERT INTO Client (ClientId, CompanyId_FK, RoleId_FK, LegalName, FriendlyName) VALUES (17, 117, 217, 'Globe Trotters Travel', 'GlobeTrotters');
INSERT INTO Client (ClientId, CompanyId_FK, RoleId_FK, LegalName, FriendlyName) VALUES (18, 118, 218, 'Dynamic Media Group', 'DynamicMedia');
INSERT INTO Client (ClientId, CompanyId_FK, RoleId_FK, LegalName, FriendlyName) VALUES (19, 119, 219, 'Innovate Robotics Inc.', 'InnovateRobotics');
INSERT INTO Client (ClientId, CompanyId_FK, RoleId_FK, LegalName, FriendlyName) VALUES (20, 120, 220, 'Pinnacle Security Services', 'Pinnacle');
INSERT INTO Client (ClientId, CompanyId_FK, RoleId_FK, LegalName, FriendlyName) VALUES (21, 121, 221, 'Alpha Builders Ltd.', 'AlphaBuilders');
INSERT INTO Client (ClientId, CompanyId_FK, RoleId_FK, LegalName, FriendlyName) VALUES (22, 122, 222, 'Vibrant Pharmaceuticals', 'VibrantPharma');
INSERT INTO Client (ClientId, CompanyId_FK, RoleId_FK, LegalName, FriendlyName) VALUES (23, 123, 223, 'Summit Advisory Partners', 'SummitAdvisory');
INSERT INTO Client (ClientId, CompanyId_FK, RoleId_FK, LegalName, FriendlyName) VALUES (24, 124, 224, 'Zenith Publishing', 'ZenithPub');
INSERT INTO Client (ClientId, CompanyId_FK, RoleId_FK, LegalName, FriendlyName) VALUES (25, 125, 225, 'Aspire Marketing Solutions', 'AspireMarketing');
INSERT INTO Client (ClientId, CompanyId_FK, RoleId_FK, LegalName, FriendlyName) VALUES (26, 126, 226, 'HarborPoint Insurance', 'HarborPoint');
INSERT INTO Client (ClientId, CompanyId_FK, RoleId_FK, LegalName, FriendlyName) VALUES (27, 127, 227, 'Quantum Research Labs', 'QuantumResearch');
INSERT INTO Client (ClientId, CompanyId_FK, RoleId_FK, LegalName, FriendlyName) VALUES (28, 128, 228, 'CrestWood Real Estate', 'CrestWood');
INSERT INTO Client (ClientId, CompanyId_FK, RoleId_FK, LegalName, FriendlyName) VALUES (29, 129, 229, 'NovaTech Solutions', 'NovaTech');
INSERT INTO Client (ClientId, CompanyId_FK, RoleId_FK, LegalName, FriendlyName) VALUES (30, 130, 230, 'Epicurean Catering', 'Epicurean');

INSERT INTO EmployeeClientContact (EmployeeClientId, EmployeeId_FK, ClientId_FK, ActiveDate, ExpDate) VALUES (1, 101, 1, '2023-01-01', '2024-01-01');
INSERT INTO EmployeeClientContact (EmployeeClientId, EmployeeId_FK, ClientId_FK, ActiveDate, ExpDate) VALUES (2, 102, 2, '2023-02-01', '2024-02-01');
INSERT INTO EmployeeClientContact (EmployeeClientId, EmployeeId_FK, ClientId_FK, ActiveDate, ExpDate) VALUES (3, 103, 3, '2023-03-01', '2024-03-01');
INSERT INTO EmployeeClientContact (EmployeeClientId, EmployeeId_FK, ClientId_FK, ActiveDate, ExpDate) VALUES (4, 104, 4, '2023-04-01', '2024-04-01');
INSERT INTO EmployeeClientContact (EmployeeClientId, EmployeeId_FK, ClientId_FK, ActiveDate, ExpDate) VALUES (5, 105, 5, '2023-05-01', '2024-05-01');
INSERT INTO EmployeeClientContact (EmployeeClientId, EmployeeId_FK, ClientId_FK, ActiveDate, ExpDate) VALUES (6, 106, 6, '2023-06-01', '2024-06-01');
INSERT INTO EmployeeClientContact (EmployeeClientId, EmployeeId_FK, ClientId_FK, ActiveDate, ExpDate) VALUES (7, 107, 7, '2023-07-01', '2024-07-01');
INSERT INTO EmployeeClientContact (EmployeeClientId, EmployeeId_FK, ClientId_FK, ActiveDate, ExpDate) VALUES (8, 108, 8, '2023-08-01', '2024-08-01');
INSERT INTO EmployeeClientContact (EmployeeClientId, EmployeeId_FK, ClientId_FK, ActiveDate, ExpDate) VALUES (9, 109, 9, '2023-09-01', '2024-09-01');
INSERT INTO EmployeeClientContact (EmployeeClientId, EmployeeId_FK, ClientId_FK, ActiveDate, ExpDate) VALUES (10, 110, 10, '2023-10-01', '2024-10-01');
INSERT INTO EmployeeClientContact (EmployeeClientId, EmployeeId_FK, ClientId_FK, ActiveDate, ExpDate) VALUES (11, 111, 11, '2023-11-01', '2024-11-01');
INSERT INTO EmployeeClientContact (EmployeeClientId, EmployeeId_FK, ClientId_FK, ActiveDate, ExpDate) VALUES (12, 112, 12, '2023-12-01', '2024-12-01');
INSERT INTO EmployeeClientContact (EmployeeClientId, EmployeeId_FK, ClientId_FK, ActiveDate, ExpDate) VALUES (13, 113, 13, '2023-01-15', '2024-01-15');
INSERT INTO EmployeeClientContact (EmployeeClientId, EmployeeId_FK, ClientId_FK, ActiveDate, ExpDate) VALUES (14, 114, 14, '2023-02-15', '2024-02-15');
INSERT INTO EmployeeClientContact (EmployeeClientId, EmployeeId_FK, ClientId_FK, ActiveDate, ExpDate) VALUES (15, 115, 15, '2023-03-15', '2024-03-15');
INSERT INTO EmployeeClientContact (EmployeeClientId, EmployeeId_FK, ClientId_FK, ActiveDate, ExpDate) VALUES (16, 116, 16, '2023-04-15', '2024-04-15');
INSERT INTO EmployeeClientContact (EmployeeClientId, EmployeeId_FK, ClientId_FK, ActiveDate, ExpDate) VALUES (17, 117, 17, '2023-05-15', '2024-05-15');
INSERT INTO EmployeeClientContact (EmployeeClientId, EmployeeId_FK, ClientId_FK, ActiveDate, ExpDate) VALUES (18, 118, 18, '2023-06-15', '2024-06-15');
INSERT INTO EmployeeClientContact (EmployeeClientId, EmployeeId_FK, ClientId_FK, ActiveDate, ExpDate) VALUES (19, 119, 19, '2023-07-15', '2024-07-15');
INSERT INTO EmployeeClientContact (EmployeeClientId, EmployeeId_FK, ClientId_FK, ActiveDate, ExpDate) VALUES (20, 120, 20, '2023-08-15', '2024-08-15');
INSERT INTO EmployeeClientContact (EmployeeClientId, EmployeeId_FK, ClientId_FK, ActiveDate, ExpDate) VALUES (21, 121, 21, '2023-09-15', '2024-09-15');
INSERT INTO EmployeeClientContact (EmployeeClientId, EmployeeId_FK, ClientId_FK, ActiveDate, ExpDate) VALUES (22, 122, 22, '2023-10-15', '2024-10-15');
INSERT INTO EmployeeClientContact (EmployeeClientId, EmployeeId_FK, ClientId_FK, ActiveDate, ExpDate) VALUES (23, 123, 23, '2023-11-15', '2024-11-15');
INSERT INTO EmployeeClientContact (EmployeeClientId, EmployeeId_FK, ClientId_FK, ActiveDate, ExpDate) VALUES (24, 124, 24, '2023-12-15', '2024-12-15');
INSERT INTO EmployeeClientContact (EmployeeClientId, EmployeeId_FK, ClientId_FK, ActiveDate, ExpDate) VALUES (25, 125, 25, '2023-01-20', '2024-01-20');
INSERT INTO EmployeeClientContact (EmployeeClientId, EmployeeId_FK, ClientId_FK, ActiveDate, ExpDate) VALUES (26, 126, 26, '2023-02-20', '2024-02-20');
INSERT INTO EmployeeClientContact (EmployeeClientId, EmployeeId_FK, ClientId_FK, ActiveDate, ExpDate) VALUES (27, 127, 27, '2023-03-20', '2024-03-20');
INSERT INTO EmployeeClientContact (EmployeeClientId, EmployeeId_FK, ClientId_FK, ActiveDate, ExpDate) VALUES (28, 128, 28, '2023-04-20', '2024-04-20');
INSERT INTO EmployeeClientContact (EmployeeClientId, EmployeeId_FK, ClientId_FK, ActiveDate, ExpDate) VALUES (29, 129, 29, '2023-05-20', '2024-05-20');
INSERT INTO EmployeeClientContact (EmployeeClientId, EmployeeId_FK, ClientId_FK, ActiveDate, ExpDate) VALUES (30, 130, 30, '2023-06-20', '2024-06-20');

INSERT INTO Payment (PaymentId, PaymentTypeId_FK, PaymentName, PaymentDate) VALUES (1, 1, 'Subscription Payment', '2024-01-01');
INSERT INTO Payment (PaymentId, PaymentTypeId_FK, PaymentName, PaymentDate) VALUES (2, 2, 'Invoice Payment', '2024-01-05');
INSERT INTO Payment (PaymentId, PaymentTypeId_FK, PaymentName, PaymentDate) VALUES (3, 3, 'Refund Payment', '2024-01-10');
INSERT INTO Payment (PaymentId, PaymentTypeId_FK, PaymentName, PaymentDate) VALUES (4, 4, 'Monthly Payment', '2024-01-15');
INSERT INTO Payment (PaymentId, PaymentTypeId_FK, PaymentName, PaymentDate) VALUES (5, 5, 'Annual Payment', '2024-01-20');
INSERT INTO Payment (PaymentId, PaymentTypeId_FK, PaymentName, PaymentDate) VALUES (6, 6, 'Credit Card Payment', '2024-01-25');
INSERT INTO Payment (PaymentId, PaymentTypeId_FK, PaymentName, PaymentDate) VALUES (7, 7, 'Loan Payment', '2024-02-01');
INSERT INTO Payment (PaymentId, PaymentTypeId_FK, PaymentName, PaymentDate) VALUES (8, 8, 'Mortgage Payment', '2024-02-05');
INSERT INTO Payment (PaymentId, PaymentTypeId_FK, PaymentName, PaymentDate) VALUES (9, 9, 'Utility Bill Payment', '2024-02-10');
INSERT INTO Payment (PaymentId, PaymentTypeId_FK, PaymentName, PaymentDate) VALUES (10, 10, 'Insurance Payment', '2024-02-15');
INSERT INTO Payment (PaymentId, PaymentTypeId_FK, PaymentName, PaymentDate) VALUES (11, 11, 'Online Payment', '2024-02-20');
INSERT INTO Payment (PaymentId, PaymentTypeId_FK, PaymentName, PaymentDate) VALUES (12, 12, 'Recurring Payment', '2024-02-25');
INSERT INTO Payment (PaymentId, PaymentTypeId_FK, PaymentName, PaymentDate) VALUES (13, 13, 'Advance Payment', '2024-03-01');
INSERT INTO Payment (PaymentId, PaymentTypeId_FK, PaymentName, PaymentDate) VALUES (14, 14, 'Down Payment', '2024-03-05');
INSERT INTO Payment (PaymentId, PaymentTypeId_FK, PaymentName, PaymentDate) VALUES (15, 15, 'Partial Payment', '2024-03-10');
INSERT INTO Payment (PaymentId, PaymentTypeId_FK, PaymentName, PaymentDate) VALUES (16, 16, 'Final Payment', '2024-03-15');
INSERT INTO Payment (PaymentId, PaymentTypeId_FK, PaymentName, PaymentDate) VALUES (17, 17, 'Salary Payment', '2024-03-20');
INSERT INTO Payment (PaymentId, PaymentTypeId_FK, PaymentName, PaymentDate) VALUES (18, 18, 'Commission Payment', '2024-03-25');
INSERT INTO Payment (PaymentId, PaymentTypeId_FK, PaymentName, PaymentDate) VALUES (19, 19, 'Bonus Payment', '2024-04-01');
INSERT INTO Payment (PaymentId, PaymentTypeId_FK, PaymentName, PaymentDate) VALUES (20, 20, 'Installment Payment', '2024-04-05');
INSERT INTO Payment (PaymentId, PaymentTypeId_FK, PaymentName, PaymentDate) VALUES (21, 21, 'Overdue Payment', '2024-04-10');
INSERT INTO Payment (PaymentId, PaymentTypeId_FK, PaymentName, PaymentDate) VALUES (22, 22, 'Penalty Payment', '2024-04-15');
INSERT INTO Payment (PaymentId, PaymentTypeId_FK, PaymentName, PaymentDate) VALUES (23, 23, 'Tuition Payment', '2024-04-20');
INSERT INTO Payment (PaymentId, PaymentTypeId_FK, PaymentName, PaymentDate) VALUES (24, 24, 'Membership Payment', '2024-04-25');
INSERT INTO Payment (PaymentId, PaymentTypeId_FK, PaymentName, PaymentDate) VALUES (25, 25, 'Deposit Payment', '2024-05-01');
INSERT INTO Payment (PaymentId, PaymentTypeId_FK, PaymentName, PaymentDate) VALUES (26, 26, 'Withdrawal Payment', '2024-05-05');
INSERT INTO Payment (PaymentId, PaymentTypeId_FK, PaymentName, PaymentDate) VALUES (27, 27, 'Savings Payment', '2024-05-10');
INSERT INTO Payment (PaymentId, PaymentTypeId_FK, PaymentName, PaymentDate) VALUES (28, 28, 'Investment Payment', '2024-05-15');
INSERT INTO Payment (PaymentId, PaymentTypeId_FK, PaymentName, PaymentDate) VALUES (29, 29, 'Charity Payment', '2024-05-20');
INSERT INTO Payment (PaymentId, PaymentTypeId_FK, PaymentName, PaymentDate) VALUES (30, 30, 'Miscellaneous Payment', '2024-05-25');

INSERT INTO EmployeePayment (EmployeePaymentId, PaymentId_FK, TimeSheetId_FK) VALUES (1, 1, 101);
INSERT INTO EmployeePayment (EmployeePaymentId, PaymentId_FK, TimeSheetId_FK) VALUES (2, 2, 102);
INSERT INTO EmployeePayment (EmployeePaymentId, PaymentId_FK, TimeSheetId_FK) VALUES (3, 3, 103);
INSERT INTO EmployeePayment (EmployeePaymentId, PaymentId_FK, TimeSheetId_FK) VALUES (4, 4, 104);
INSERT INTO EmployeePayment (EmployeePaymentId, PaymentId_FK, TimeSheetId_FK) VALUES (5, 5, 105);
INSERT INTO EmployeePayment (EmployeePaymentId, PaymentId_FK, TimeSheetId_FK) VALUES (6, 6, 106);
INSERT INTO EmployeePayment (EmployeePaymentId, PaymentId_FK, TimeSheetId_FK) VALUES (7, 7, 107);
INSERT INTO EmployeePayment (EmployeePaymentId, PaymentId_FK, TimeSheetId_FK) VALUES (8, 8, 108);
INSERT INTO EmployeePayment (EmployeePaymentId, PaymentId_FK, TimeSheetId_FK) VALUES (9, 9, 109);
INSERT INTO EmployeePayment (EmployeePaymentId, PaymentId_FK, TimeSheetId_FK) VALUES (10, 10, 110);
INSERT INTO EmployeePayment (EmployeePaymentId, PaymentId_FK, TimeSheetId_FK) VALUES (11, 11, 111);
INSERT INTO EmployeePayment (EmployeePaymentId, PaymentId_FK, TimeSheetId_FK) VALUES (12, 12, 112);
INSERT INTO EmployeePayment (EmployeePaymentId, PaymentId_FK, TimeSheetId_FK) VALUES (13, 13, 113);
INSERT INTO EmployeePayment (EmployeePaymentId, PaymentId_FK, TimeSheetId_FK) VALUES (14, 14, 114);
INSERT INTO EmployeePayment (EmployeePaymentId, PaymentId_FK, TimeSheetId_FK) VALUES (15, 15, 115);
INSERT INTO EmployeePayment (EmployeePaymentId, PaymentId_FK, TimeSheetId_FK) VALUES (16, 16, 116);
INSERT INTO EmployeePayment (EmployeePaymentId, PaymentId_FK, TimeSheetId_FK) VALUES (17, 17, 117);
INSERT INTO EmployeePayment (EmployeePaymentId, PaymentId_FK, TimeSheetId_FK) VALUES (18, 18, 118);
INSERT INTO EmployeePayment (EmployeePaymentId, PaymentId_FK, TimeSheetId_FK) VALUES (19, 19, 119);
INSERT INTO EmployeePayment (EmployeePaymentId, PaymentId_FK, TimeSheetId_FK) VALUES (20, 20, 120);
INSERT INTO EmployeePayment (EmployeePaymentId, PaymentId_FK, TimeSheetId_FK) VALUES (21, 21, 121);
INSERT INTO EmployeePayment (EmployeePaymentId, PaymentId_FK, TimeSheetId_FK) VALUES (22, 22, 122);
INSERT INTO EmployeePayment (EmployeePaymentId, PaymentId_FK, TimeSheetId_FK) VALUES (23, 23, 123);
INSERT INTO EmployeePayment (EmployeePaymentId, PaymentId_FK, TimeSheetId_FK) VALUES (24, 24, 124);
INSERT INTO EmployeePayment (EmployeePaymentId, PaymentId_FK, TimeSheetId_FK) VALUES (25, 25, 125);
INSERT INTO EmployeePayment (EmployeePaymentId, PaymentId_FK, TimeSheetId_FK) VALUES (26, 26, 126);
INSERT INTO EmployeePayment (EmployeePaymentId, PaymentId_FK, TimeSheetId_FK) VALUES (27, 27, 127);
INSERT INTO EmployeePayment (EmployeePaymentId, PaymentId_FK, TimeSheetId_FK) VALUES (28, 28, 128);
INSERT INTO EmployeePayment (EmployeePaymentId, PaymentId_FK, TimeSheetId_FK) VALUES (29, 29, 129);
INSERT INTO EmployeePayment (EmployeePaymentId, PaymentId_FK, TimeSheetId_FK) VALUES (30, 30, 130);

