INSERT INTO WorkType (WorkTypeId, WorkTypeName) VALUES (1, 'Consulting');
INSERT INTO WorkType (WorkTypeId, WorkTypeName) VALUES (2, 'Development');
INSERT INTO WorkType (WorkTypeId, WorkTypeName) VALUES (3, 'Support');
INSERT INTO WorkType (WorkTypeId, WorkTypeName) VALUES (4, 'Maintenance');
INSERT INTO WorkType (WorkTypeId, WorkTypeName) VALUES (5, 'Testing');
INSERT INTO WorkType (WorkTypeId, WorkTypeName) VALUES (6, 'Training');
INSERT INTO WorkType (WorkTypeId, WorkTypeName) VALUES (7, 'Project Management');
INSERT INTO WorkType (WorkTypeId, WorkTypeName) VALUES (8, 'Research');
INSERT INTO WorkType (WorkTypeId, WorkTypeName) VALUES (9, 'Analysis');
INSERT INTO WorkType (WorkTypeId, WorkTypeName) VALUES (10, 'Quality Assurance');
INSERT INTO WorkType (WorkTypeId, WorkTypeName) VALUES (11, 'Networking');
INSERT INTO WorkType (WorkTypeId, WorkTypeName) VALUES (12, 'Database Management');
INSERT INTO WorkType (WorkTypeId, WorkTypeName) VALUES (13, 'Architecture');
INSERT INTO WorkType (WorkTypeId, WorkTypeName) VALUES (14, 'Cloud Services');
INSERT INTO WorkType (WorkTypeId, WorkTypeName) VALUES (15, 'Cybersecurity');
INSERT INTO WorkType (WorkTypeId, WorkTypeName) VALUES (16, 'Hardware Support');
INSERT INTO WorkType (WorkTypeId, WorkTypeName) VALUES (17, 'Business Analysis');
INSERT INTO WorkType (WorkTypeId, WorkTypeName) VALUES (18, 'Product Design');
INSERT INTO WorkType (WorkTypeId, WorkTypeName) VALUES (19, 'Marketing');
INSERT INTO WorkType (WorkTypeId, WorkTypeName) VALUES (20, 'Legal Services');
INSERT INTO WorkType (WorkTypeId, WorkTypeName) VALUES (21, 'Customer Service');
INSERT INTO WorkType (WorkTypeId, WorkTypeName) VALUES (22, 'Application Development');
INSERT INTO WorkType (WorkTypeId, WorkTypeName) VALUES (23, 'Web Development');
INSERT INTO WorkType (WorkTypeId, WorkTypeName) VALUES (24, 'Mobile Development');
INSERT INTO WorkType (WorkTypeId, WorkTypeName) VALUES (25, 'Embedded Systems');
INSERT INTO WorkType (WorkTypeId, WorkTypeName) VALUES (26, 'Game Development');
INSERT INTO WorkType (WorkTypeId, WorkTypeName) VALUES (27, 'AI Development');
INSERT INTO WorkType (WorkTypeId, WorkTypeName) VALUES (28, 'Machine Learning');
INSERT INTO WorkType (WorkTypeId, WorkTypeName) VALUES (29, 'Data Science');
INSERT INTO WorkType (WorkTypeId, WorkTypeName) VALUES (30, 'Data Engineering');

INSERT INTO PaymentType (PaymentTypeID, PaymentType) VALUES (1, 'Credit Card');
INSERT INTO PaymentType (PaymentTypeID, PaymentType) VALUES (2, 'Bank Transfer');
INSERT INTO PaymentType (PaymentTypeID, PaymentType) VALUES (3, 'Check');
INSERT INTO PaymentType (PaymentTypeID, PaymentType) VALUES (4, 'Cash');
INSERT INTO PaymentType (PaymentTypeID, PaymentType) VALUES (5, 'Direct Deposit');
INSERT INTO PaymentType (PaymentTypeID, PaymentType) VALUES (6, 'Mobile Payment');
INSERT INTO PaymentType (PaymentTypeID, PaymentType) VALUES (7, 'PayPal');
INSERT INTO PaymentType (PaymentTypeID, PaymentType) VALUES (8, 'Venmo');
INSERT INTO PaymentType (PaymentTypeID, PaymentType) VALUES (9, 'Apple Pay');
INSERT INTO PaymentType (PaymentTypeID, PaymentType) VALUES (10, 'Google Pay');
INSERT INTO PaymentType (PaymentTypeID, PaymentType) VALUES (11, 'Cryptocurrency');
INSERT INTO PaymentType (PaymentTypeID, PaymentType) VALUES (12, 'Gift Card');
INSERT INTO PaymentType (PaymentTypeID, PaymentType) VALUES (13, 'Prepaid Card');
INSERT INTO PaymentType (PaymentTypeID, PaymentType) VALUES (14, 'Wire Transfer');
INSERT INTO PaymentType (PaymentTypeID, PaymentType) VALUES (15, 'ACH Transfer');
INSERT INTO PaymentType (PaymentTypeID, PaymentType) VALUES (16, 'Electronic Check');
INSERT INTO PaymentType (PaymentTypeID, PaymentType) VALUES (17, 'Money Order');
INSERT INTO PaymentType (PaymentTypeID, PaymentType) VALUES (18, 'Zelle');
INSERT INTO PaymentType (PaymentTypeID, PaymentType) VALUES (19, 'Square');
INSERT INTO PaymentType (PaymentTypeID, PaymentType) VALUES (20, 'Stripe');
INSERT INTO PaymentType (PaymentTypeID, PaymentType) VALUES (21, 'Amazon Pay');
INSERT INTO PaymentType (PaymentTypeID, PaymentType) VALUES (22, 'Alipay');
INSERT INTO PaymentType (PaymentTypeID, PaymentType) VALUES (23, 'WeChat Pay');
INSERT INTO PaymentType (PaymentTypeID, PaymentType) VALUES (24, 'Samsung Pay');
INSERT INTO PaymentType (PaymentTypeID, PaymentType) VALUES (25, 'PhonePe');
INSERT INTO PaymentType (PaymentTypeID, PaymentType) VALUES (26, 'Paytm');
INSERT INTO PaymentType (PaymentTypeID, PaymentType) VALUES (27, 'Bharat QR');
INSERT INTO PaymentType (PaymentTypeID, PaymentType) VALUES (28, 'UPI');
INSERT INTO PaymentType (PaymentTypeID, PaymentType) VALUES (29, 'Cash on Delivery');
INSERT INTO PaymentType (PaymentTypeID, PaymentType) VALUES (30, 'E-Wallet');

INSERT INTO Role (RoleId, PersonId_FK, RoleTypeId_FK) VALUES (1, 1, 1);
INSERT INTO Role (RoleId, PersonId_FK, RoleTypeId_FK) VALUES (2, 2, 2);
INSERT INTO Role (RoleId, PersonId_FK, RoleTypeId_FK) VALUES (3, 3, 3);
INSERT INTO Role (RoleId, PersonId_FK, RoleTypeId_FK) VALUES (4, 4, 4);
INSERT INTO Role (RoleId, PersonId_FK, RoleTypeId_FK) VALUES (5, 5, 5);
INSERT INTO Role (RoleId, PersonId_FK, RoleTypeId_FK) VALUES (6, 6, 6);
INSERT INTO Role (RoleId, PersonId_FK, RoleTypeId_FK) VALUES (7, 7, 7);
INSERT INTO Role (RoleId, PersonId_FK, RoleTypeId_FK) VALUES (8, 8, 8);
INSERT INTO Role (RoleId, PersonId_FK, RoleTypeId_FK) VALUES (9, 9, 9);
INSERT INTO Role (RoleId, PersonId_FK, RoleTypeId_FK) VALUES (10, 10, 10);
INSERT INTO Role (RoleId, PersonId_FK, RoleTypeId_FK) VALUES (11, 11, 11);
INSERT INTO Role (RoleId, PersonId_FK, RoleTypeId_FK) VALUES (12, 12, 12);
INSERT INTO Role (RoleId, PersonId_FK, RoleTypeId_FK) VALUES (13, 13, 13);
INSERT INTO Role (RoleId, PersonId_FK, RoleTypeId_FK) VALUES (14, 14, 14);
INSERT INTO Role (RoleId, PersonId_FK, RoleTypeId_FK) VALUES (15, 15, 15);
INSERT INTO Role (RoleId, PersonId_FK, RoleTypeId_FK) VALUES (16, 16, 16);
INSERT INTO Role (RoleId, PersonId_FK, RoleTypeId_FK) VALUES (17, 17, 17);
INSERT INTO Role (RoleId, PersonId_FK, RoleTypeId_FK) VALUES (18, 18, 18);
INSERT INTO Role (RoleId, PersonId_FK, RoleTypeId_FK) VALUES (19, 19, 19);
INSERT INTO Role (RoleId, PersonId_FK, RoleTypeId_FK) VALUES (20, 20, 20);
INSERT INTO Role (RoleId, PersonId_FK, RoleTypeId_FK) VALUES (21, 21, 21);
INSERT INTO Role (RoleId, PersonId_FK, RoleTypeId_FK) VALUES (22, 22, 22);
INSERT INTO Role (RoleId, PersonId_FK, RoleTypeId_FK) VALUES (23, 23, 23);
INSERT INTO Role (RoleId, PersonId_FK, RoleTypeId_FK) VALUES (24, 24, 24);
INSERT INTO Role (RoleId, PersonId_FK, RoleTypeId_FK) VALUES (25, 25, 25);
INSERT INTO Role (RoleId, PersonId_FK, RoleTypeId_FK) VALUES (26, 26, 26);
INSERT INTO Role (RoleId, PersonId_FK, RoleTypeId_FK) VALUES (27, 27, 27);
INSERT INTO Role (RoleId, PersonId_FK, RoleTypeId_FK) VALUES (28, 28, 28);
INSERT INTO Role (RoleId, PersonId_FK, RoleTypeId_FK) VALUES (29, 29, 29);
INSERT INTO Role (RoleId, PersonId_FK, RoleTypeId_FK) VALUES (30, 30, 30);

INSERT INTO Client (ClientId, CompanyId_FK, RoleId_FK, LegalName, FriendlyName) VALUES (1, 1, 1, 'Acme Corporation', 'Acme');
INSERT INTO Client (ClientId, CompanyId_FK, RoleId_FK, LegalName, FriendlyName) VALUES (2, 2, 2, 'Tech Innovators Ltd.', 'TechInnovators');
INSERT INTO Client (ClientId, CompanyId_FK, RoleId_FK, LegalName, FriendlyName) VALUES (3, 3, 3, 'Green Energy Solutions', 'GreenEnergy');
INSERT INTO Client (ClientId, CompanyId_FK, RoleId_FK, LegalName, FriendlyName) VALUES (4, 4, 4, 'FastTrack Logistics', 'FastTrack');
INSERT INTO Client (ClientId, CompanyId_FK, RoleId_FK, LegalName, FriendlyName) VALUES (5, 5, 5, 'HealthCare Plus Inc.', 'HealthCarePlus');
INSERT INTO Client (ClientId, CompanyId_FK, RoleId_FK, LegalName, FriendlyName) VALUES (6, 6, 6, 'BlueWave Technologies', 'BlueWave');
INSERT INTO Client (ClientId, CompanyId_FK, RoleId_FK, LegalName, FriendlyName) VALUES (7, 7, 7, 'Urban Developers Group', 'UrbanDevs');
INSERT INTO Client (ClientId, CompanyId_FK, RoleId_FK, LegalName, FriendlyName) VALUES (8, 8, 8, 'NextGen Retailers', 'NextGen');
INSERT INTO Client (ClientId, CompanyId_FK, RoleId_FK, LegalName, FriendlyName) VALUES (9, 9, 9, 'Prime Investments LLC', 'PrimeInvest');
INSERT INTO Client (ClientId, CompanyId_FK, RoleId_FK, LegalName, FriendlyName) VALUES (10, 10, 10, 'Bright Future Educators', 'BrightFuture');
INSERT INTO Client (ClientId, CompanyId_FK, RoleId_FK, LegalName, FriendlyName) VALUES (11, 11, 11, 'Skyline Architects', 'Skyline');
INSERT INTO Client (ClientId, CompanyId_FK, RoleId_FK, LegalName, FriendlyName) VALUES (12, 12, 12, 'Omega Manufacturing Co.', 'OmegaMfg');
INSERT INTO Client (ClientId, CompanyId_FK, RoleId_FK, LegalName, FriendlyName) VALUES (13, 13, 13, 'SilverStream Finance', 'SilverStream');
INSERT INTO Client (ClientId, CompanyId_FK, RoleId_FK, LegalName, FriendlyName) VALUES (14, 14, 14, 'EcoFarm Ventures', 'EcoFarm');
INSERT INTO Client (ClientId, CompanyId_FK, RoleId_FK, LegalName, FriendlyName) VALUES (15, 15, 15, 'Elite Consulting Group', 'EliteConsulting');
INSERT INTO Client (ClientId, CompanyId_FK, RoleId_FK, LegalName, FriendlyName) VALUES (16, 16, 16, 'Aurora Software Solutions', 'AuroraSoftware');
INSERT INTO Client (ClientId, CompanyId_FK, RoleId_FK, LegalName, FriendlyName) VALUES (17, 17, 17, 'Globe Trotters Travel', 'GlobeTrotters');
INSERT INTO Client (ClientId, CompanyId_FK, RoleId_FK, LegalName, FriendlyName) VALUES (18, 18, 18, 'Dynamic Media Group', 'DynamicMedia');
INSERT INTO Client (ClientId, CompanyId_FK, RoleId_FK, LegalName, FriendlyName) VALUES (19, 19, 19, 'Innovate Robotics Inc.', 'InnovateRobotics');
INSERT INTO Client (ClientId, CompanyId_FK, RoleId_FK, LegalName, FriendlyName) VALUES (20, 20, 20, 'Pinnacle Security Services', 'Pinnacle');
INSERT INTO Client (ClientId, CompanyId_FK, RoleId_FK, LegalName, FriendlyName) VALUES (21, 21, 21, 'Alpha Builders Ltd.', 'AlphaBuilders');
INSERT INTO Client (ClientId, CompanyId_FK, RoleId_FK, LegalName, FriendlyName) VALUES (22, 22, 22, 'Vibrant Pharmaceuticals', 'VibrantPharma');
INSERT INTO Client (ClientId, CompanyId_FK, RoleId_FK, LegalName, FriendlyName) VALUES (23, 23, 23, 'Summit Advisory Partners', 'SummitAdvisory');
INSERT INTO Client (ClientId, CompanyId_FK, RoleId_FK, LegalName, FriendlyName) VALUES (24, 24, 24, 'Zenith Publishing', 'ZenithPub');
INSERT INTO Client (ClientId, CompanyId_FK, RoleId_FK, LegalName, FriendlyName) VALUES (25, 25, 25, 'Aspire Marketing Solutions', 'AspireMarketing');
INSERT INTO Client (ClientId, CompanyId_FK, RoleId_FK, LegalName, FriendlyName) VALUES (26, 26, 26, 'HarborPoint Insurance', 'HarborPoint');
INSERT INTO Client (ClientId, CompanyId_FK, RoleId_FK, LegalName, FriendlyName) VALUES (27, 27, 27, 'Quantum Research Labs', 'QuantumResearch');
INSERT INTO Client (ClientId, CompanyId_FK, RoleId_FK, LegalName, FriendlyName) VALUES (28, 28, 28, 'CrestWood Real Estate', 'CrestWood');
INSERT INTO Client (ClientId, CompanyId_FK, RoleId_FK, LegalName, FriendlyName) VALUES (29, 29, 29, 'NovaTech Solutions', 'NovaTech');
INSERT INTO Client (ClientId, CompanyId_FK, RoleId_FK, LegalName, FriendlyName) VALUES (30, 30, 30, 'Epicurean Catering', 'Epicurean');

INSERT INTO EmployeeClientContact (EmployeeClientId, EmployeeId_FK, ClientId_FK, ActiveDate, ExpDate) VALUES (1, 1, 1, '2023-01-01', '2024-01-01');
INSERT INTO EmployeeClientContact (EmployeeClientId, EmployeeId_FK, ClientId_FK, ActiveDate, ExpDate) VALUES (2, 2, 2, '2023-02-01', '2024-02-01');
INSERT INTO EmployeeClientContact (EmployeeClientId, EmployeeId_FK, ClientId_FK, ActiveDate, ExpDate) VALUES (3, 3, 3, '2023-03-01', '2024-03-01');
INSERT INTO EmployeeClientContact (EmployeeClientId, EmployeeId_FK, ClientId_FK, ActiveDate, ExpDate) VALUES (4, 4, 4, '2023-04-01', '2024-04-01');
INSERT INTO EmployeeClientContact (EmployeeClientId, EmployeeId_FK, ClientId_FK, ActiveDate, ExpDate) VALUES (5, 5, 5, '2023-05-01', '2024-05-01');
INSERT INTO EmployeeClientContact (EmployeeClientId, EmployeeId_FK, ClientId_FK, ActiveDate, ExpDate) VALUES (6, 6, 6, '2023-06-01', '2024-06-01');
INSERT INTO EmployeeClientContact (EmployeeClientId, EmployeeId_FK, ClientId_FK, ActiveDate, ExpDate) VALUES (7, 7, 7, '2023-07-01', '2024-07-01');
INSERT INTO EmployeeClientContact (EmployeeClientId, EmployeeId_FK, ClientId_FK, ActiveDate, ExpDate) VALUES (8, 8, 8, '2023-08-01', '2024-08-01');
INSERT INTO EmployeeClientContact (EmployeeClientId, EmployeeId_FK, ClientId_FK, ActiveDate, ExpDate) VALUES (9, 9, 9, '2023-09-01', '2024-09-01');
INSERT INTO EmployeeClientContact (EmployeeClientId, EmployeeId_FK, ClientId_FK, ActiveDate, ExpDate) VALUES (10, 10, 10, '2023-10-01', '2024-10-01');
INSERT INTO EmployeeClientContact (EmployeeClientId, EmployeeId_FK, ClientId_FK, ActiveDate, ExpDate) VALUES (11, 11, 11, '2023-11-01', '2024-11-01');
INSERT INTO EmployeeClientContact (EmployeeClientId, EmployeeId_FK, ClientId_FK, ActiveDate, ExpDate) VALUES (12, 12, 12, '2023-12-01', '2024-12-01');
INSERT INTO EmployeeClientContact (EmployeeClientId, EmployeeId_FK, ClientId_FK, ActiveDate, ExpDate) VALUES (13, 13, 13, '2023-01-15', '2024-01-15');
INSERT INTO EmployeeClientContact (EmployeeClientId, EmployeeId_FK, ClientId_FK, ActiveDate, ExpDate) VALUES (14, 14, 14, '2023-02-15', '2024-02-15');
INSERT INTO EmployeeClientContact (EmployeeClientId, EmployeeId_FK, ClientId_FK, ActiveDate, ExpDate) VALUES (15, 15, 15, '2023-03-15', '2024-03-15');
INSERT INTO EmployeeClientContact (EmployeeClientId, EmployeeId_FK, ClientId_FK, ActiveDate, ExpDate) VALUES (16, 16, 16, '2023-04-15', '2024-04-15');
INSERT INTO EmployeeClientContact (EmployeeClientId, EmployeeId_FK, ClientId_FK, ActiveDate, ExpDate) VALUES (17, 17, 17, '2023-05-15', '2024-05-15');
INSERT INTO EmployeeClientContact (EmployeeClientId, EmployeeId_FK, ClientId_FK, ActiveDate, ExpDate) VALUES (18, 18, 18, '2023-06-15', '2024-06-15');
INSERT INTO EmployeeClientContact (EmployeeClientId, EmployeeId_FK, ClientId_FK, ActiveDate, ExpDate) VALUES (19, 19, 19, '2023-07-15', '2024-07-15');
INSERT INTO EmployeeClientContact (EmployeeClientId, EmployeeId_FK, ClientId_FK, ActiveDate, ExpDate) VALUES (20, 20, 20, '2023-08-15', '2024-08-15');
INSERT INTO EmployeeClientContact (EmployeeClientId, EmployeeId_FK, ClientId_FK, ActiveDate, ExpDate) VALUES (21, 21, 21, '2023-09-15', '2024-09-15');
INSERT INTO EmployeeClientContact (EmployeeClientId, EmployeeId_FK, ClientId_FK, ActiveDate, ExpDate) VALUES (22, 22, 22, '2023-10-15', '2024-10-15');
INSERT INTO EmployeeClientContact (EmployeeClientId, EmployeeId_FK, ClientId_FK, ActiveDate, ExpDate) VALUES (23, 23, 23, '2023-11-15', '2024-11-15');
INSERT INTO EmployeeClientContact (EmployeeClientId, EmployeeId_FK, ClientId_FK, ActiveDate, ExpDate) VALUES (24, 24, 24, '2023-12-15', '2024-12-15');
INSERT INTO EmployeeClientContact (EmployeeClientId, EmployeeId_FK, ClientId_FK, ActiveDate, ExpDate) VALUES (25, 25, 25, '2023-01-20', '2024-01-20');
INSERT INTO EmployeeClientContact (EmployeeClientId, EmployeeId_FK, ClientId_FK, ActiveDate, ExpDate) VALUES (26, 26, 26, '2023-02-20', '2024-02-20');
INSERT INTO EmployeeClientContact (EmployeeClientId, EmployeeId_FK, ClientId_FK, ActiveDate, ExpDate) VALUES (27, 27, 27, '2023-03-20', '2024-03-20');
INSERT INTO EmployeeClientContact (EmployeeClientId, EmployeeId_FK, ClientId_FK, ActiveDate, ExpDate) VALUES (28, 28, 28, '2023-04-20', '2024-04-20');
INSERT INTO EmployeeClientContact (EmployeeClientId, EmployeeId_FK, ClientId_FK, ActiveDate, ExpDate) VALUES (29, 29, 29, '2023-05-20', '2024-05-20');
INSERT INTO EmployeeClientContact (EmployeeClientId, EmployeeId_FK, ClientId_FK, ActiveDate, ExpDate) VALUES (30, 30, 30, '2023-06-20', '2024-06-20');

INSERT INTO Payment (PaymentId, PaymentTypeId_FK, PaymentName, PaymentDate) VALUES (1, 1, 'Subscription Payment', '2024-01-01');
INSERT INTO Payment (PaymentId, PaymentTypeId_FK, PaymentName, PaymentDate) VALUES (2, 2, 'Invoice Payment', '2024-01-05');
INSERT INTO Payment (PaymentId, PaymentTypeId_FK, PaymentName, PaymentDate) VALUES (3, 3, 'Refund Payment', '2024-01-10');
INSERT INTO Payment (PaymentId, PaymentTypeId_FK, PaymentName, PaymentDate) VALUES (4, 4, 'Monthly Payment', '2024-01-15');
INSERT INTO Payment (PaymentId, PaymentTypeId_FK, PaymentName, PaymentDate) VALUES (5, 5, 'Annual Payment', '2024-01-20');
INSERT INTO Payment (PaymentId, PaymentTypeId_FK, PaymentName, PaymentDate) VALUES (6, 6, 'Credit Card Payment', '2024-01-25');
INSERT INTO Payment (PaymentId, PaymentTypeId_FK, PaymentName, PaymentDate) VALUES (7, 7, 'Loan Payment', '2024-02-01');
INSERT INTO Payment (PaymentId, PaymentTypeId_FK, PaymentName, PaymentDate) VALUES (8, 8, 'Mortgage Payment', '2024-02-05');
INSERT INTO Payment (PaymentId, PaymentTypeId_FK, PaymentName, PaymentDate) VALUES (9, 9, 'Utility Bill Payment', '2024-02-10');
INSERT INTO Payment (PaymentId, PaymentTypeId_FK, PaymentName, PaymentDate) VALUES (10, 10, 'Insurance Payment', '2024-02-15');
INSERT INTO Payment (PaymentId, PaymentTypeId_FK, PaymentName, PaymentDate) VALUES (11, 11, 'Online Payment', '2024-02-20');
INSERT INTO Payment (PaymentId, PaymentTypeId_FK, PaymentName, PaymentDate) VALUES (12, 12, 'Recurring Payment', '2024-02-25');
INSERT INTO Payment (PaymentId, PaymentTypeId_FK, PaymentName, PaymentDate) VALUES (13, 13, 'Advance Payment', '2024-03-01');
INSERT INTO Payment (PaymentId, PaymentTypeId_FK, PaymentName, PaymentDate) VALUES (14, 14, 'Down Payment', '2024-03-05');
INSERT INTO Payment (PaymentId, PaymentTypeId_FK, PaymentName, PaymentDate) VALUES (15, 15, 'Partial Payment', '2024-03-10');
INSERT INTO Payment (PaymentId, PaymentTypeId_FK, PaymentName, PaymentDate) VALUES (16, 16, 'Final Payment', '2024-03-15');
INSERT INTO Payment (PaymentId, PaymentTypeId_FK, PaymentName, PaymentDate) VALUES (17, 17, 'Salary Payment', '2024-03-20');
INSERT INTO Payment (PaymentId, PaymentTypeId_FK, PaymentName, PaymentDate) VALUES (18, 18, 'Commission Payment', '2024-03-25');
INSERT INTO Payment (PaymentId, PaymentTypeId_FK, PaymentName, PaymentDate) VALUES (19, 19, 'Bonus Payment', '2024-04-01');
INSERT INTO Payment (PaymentId, PaymentTypeId_FK, PaymentName, PaymentDate) VALUES (20, 20, 'Installment Payment', '2024-04-05');
INSERT INTO Payment (PaymentId, PaymentTypeId_FK, PaymentName, PaymentDate) VALUES (21, 21, 'Overdue Payment', '2024-04-10');
INSERT INTO Payment (PaymentId, PaymentTypeId_FK, PaymentName, PaymentDate) VALUES (22, 22, 'Penalty Payment', '2024-04-15');
INSERT INTO Payment (PaymentId, PaymentTypeId_FK, PaymentName, PaymentDate) VALUES (23, 23, 'Tuition Payment', '2024-04-20');
INSERT INTO Payment (PaymentId, PaymentTypeId_FK, PaymentName, PaymentDate) VALUES (24, 24, 'Membership Payment', '2024-04-25');
INSERT INTO Payment (PaymentId, PaymentTypeId_FK, PaymentName, PaymentDate) VALUES (25, 25, 'Deposit Payment', '2024-05-01');
INSERT INTO Payment (PaymentId, PaymentTypeId_FK, PaymentName, PaymentDate) VALUES (26, 26, 'Withdrawal Payment', '2024-05-05');
INSERT INTO Payment (PaymentId, PaymentTypeId_FK, PaymentName, PaymentDate) VALUES (27, 27, 'Savings Payment', '2024-05-10');
INSERT INTO Payment (PaymentId, PaymentTypeId_FK, PaymentName, PaymentDate) VALUES (28, 28, 'Investment Payment', '2024-05-15');
INSERT INTO Payment (PaymentId, PaymentTypeId_FK, PaymentName, PaymentDate) VALUES (29, 29, 'Charity Payment', '2024-05-20');
INSERT INTO Payment (PaymentId, PaymentTypeId_FK, PaymentName, PaymentDate) VALUES (30, 30, 'Miscellaneous Payment', '2024-05-25');

INSERT INTO EmployeePayment (EmployeePaymentId, PaymentId_FK, TimeSheetId_FK) VALUES (1, 1, 1);
INSERT INTO EmployeePayment (EmployeePaymentId, PaymentId_FK, TimeSheetId_FK) VALUES (2, 2, 2);
INSERT INTO EmployeePayment (EmployeePaymentId, PaymentId_FK, TimeSheetId_FK) VALUES (3, 3, 3);
INSERT INTO EmployeePayment (EmployeePaymentId, PaymentId_FK, TimeSheetId_FK) VALUES (4, 4, 4);
INSERT INTO EmployeePayment (EmployeePaymentId, PaymentId_FK, TimeSheetId_FK) VALUES (5, 5, 5);
INSERT INTO EmployeePayment (EmployeePaymentId, PaymentId_FK, TimeSheetId_FK) VALUES (6, 6, 6);
INSERT INTO EmployeePayment (EmployeePaymentId, PaymentId_FK, TimeSheetId_FK) VALUES (7, 7, 7);
INSERT INTO EmployeePayment (EmployeePaymentId, PaymentId_FK, TimeSheetId_FK) VALUES (8, 8, 8);
INSERT INTO EmployeePayment (EmployeePaymentId, PaymentId_FK, TimeSheetId_FK) VALUES (9, 9, 9);
INSERT INTO EmployeePayment (EmployeePaymentId, PaymentId_FK, TimeSheetId_FK) VALUES (10, 10, 10);
INSERT INTO EmployeePayment (EmployeePaymentId, PaymentId_FK, TimeSheetId_FK) VALUES (11, 11, 11);
INSERT INTO EmployeePayment (EmployeePaymentId, PaymentId_FK, TimeSheetId_FK) VALUES (12, 12, 12);
INSERT INTO EmployeePayment (EmployeePaymentId, PaymentId_FK, TimeSheetId_FK) VALUES (13, 13, 13);
INSERT INTO EmployeePayment (EmployeePaymentId, PaymentId_FK, TimeSheetId_FK) VALUES (14, 14, 14);
INSERT INTO EmployeePayment (EmployeePaymentId, PaymentId_FK, TimeSheetId_FK) VALUES (15, 15, 15);
INSERT INTO EmployeePayment (EmployeePaymentId, PaymentId_FK, TimeSheetId_FK) VALUES (16, 16, 16);
INSERT INTO EmployeePayment (EmployeePaymentId, PaymentId_FK, TimeSheetId_FK) VALUES (17, 17, 17);
INSERT INTO EmployeePayment (EmployeePaymentId, PaymentId_FK, TimeSheetId_FK) VALUES (18, 18, 18);
INSERT INTO EmployeePayment (EmployeePaymentId, PaymentId_FK, TimeSheetId_FK) VALUES (19, 19, 19);
INSERT INTO EmployeePayment (EmployeePaymentId, PaymentId_FK, TimeSheetId_FK) VALUES (20, 20, 20);
INSERT INTO EmployeePayment (EmployeePaymentId, PaymentId_FK, TimeSheetId_FK) VALUES (21, 21, 21);
INSERT INTO EmployeePayment (EmployeePaymentId, PaymentId_FK, TimeSheetId_FK) VALUES (22, 22, 22);
INSERT INTO EmployeePayment (EmployeePaymentId, PaymentId_FK, TimeSheetId_FK) VALUES (23, 23, 23);
INSERT INTO EmployeePayment (EmployeePaymentId, PaymentId_FK, TimeSheetId_FK) VALUES (24, 24, 24);
INSERT INTO EmployeePayment (EmployeePaymentId, PaymentId_FK, TimeSheetId_FK) VALUES (25, 25, 25);
INSERT INTO EmployeePayment (EmployeePaymentId, PaymentId_FK, TimeSheetId_FK) VALUES (26, 26, 26);
INSERT INTO EmployeePayment (EmployeePaymentId, PaymentId_FK, TimeSheetId_FK) VALUES (27, 27, 27);
INSERT INTO EmployeePayment (EmployeePaymentId, PaymentId_FK, TimeSheetId_FK) VALUES (28, 28, 28);
INSERT INTO EmployeePayment (EmployeePaymentId, PaymentId_FK, TimeSheetId_FK) VALUES (29, 29, 29);
INSERT INTO EmployeePayment (EmployeePaymentId, PaymentId_FK, TimeSheetId_FK) VALUES (30, 30, 30);

INSERT INTO Person () 
VALUES 
    (1), (2), (3), (4), (5), (6), (7), (8), (9), (10),
    (11), (12), (13), (14), (15), (16), (17), (18), (19), (20),
    (21), (22), (23), (24), (25), (26), (27), (28), (29), (30),
    (31), (32), (33), (34), (35), (36), (37), (38), (39), (40),
    (41), (42), (43), (44), (45), (46), (47), (48), (49), (50);

INSERT INTO RoleType () 
VALUES 
    (1), (2), (3), (4), (5), (6), (7), (8), (9), (10),
    (11), (12), (13), (14), (15), (16), (17), (18), (19), (20),
    (21), (22), (23), (24), (25), (26), (27), (28), (29), (30),
    (31), (32), (33), (34), (35), (36), (37), (38), (39), (40),
    (41), (42), (43), (44), (45), (46), (47), (48), (49), (50);
    
INSERT INTO Employee () 
VALUES 
    (1), (2), (3), (4), (5), (6), (7), (8), (9), (10),
    (11), (12), (13), (14), (15), (16), (17), (18), (19), (20),
    (21), (22), (23), (24), (25), (26), (27), (28), (29), (30),
    (31), (32), (33), (34), (35), (36), (37), (38), (39), (40),
    (41), (42), (43), (44), (45), (46), (47), (48), (49), (50);
    
INSERT INTO TimeSheet () 
VALUES 
    (1), (2), (3), (4), (5), (6), (7), (8), (9), (10),
    (11), (12), (13), (14), (15), (16), (17), (18), (19), (20),
    (21), (22), (23), (24), (25), (26), (27), (28), (29), (30),
    (31), (32), (33), (34), (35), (36), (37), (38), (39), (40),
    (41), (42), (43), (44), (45), (46), (47), (48), (49), (50);

INSERT INTO Company () 
VALUES 
    (1), (2), (3), (4), (5), (6), (7), (8), (9), (10),
    (11), (12), (13), (14), (15), (16), (17), (18), (19), (20),
    (21), (22), (23), (24), (25), (26), (27), (28), (29), (30),
    (31), (32), (33), (34), (35), (36), (37), (38), (39), (40),
    (41), (42), (43), (44), (45), (46), (47), (48), (49), (50);

